{"train_roc_auc": 0.9647435897435896, "test_roc_auc": 0.9402560455192035, "train_f1": 0.8598319327731093, "test_f1": 0.8583926883075954, "train_acc": 0.86, "test_acc": 0.86}