{"train_roc_auc": 1.0, "test_roc_auc": 0.9998221906116642, "train_f1": 1.0, "test_f1": 0.993333629642799, "train_acc": 1.0, "test_acc": 0.9933333333333333}