{"train_roc_auc": 0.9930555555555556, "test_roc_auc": 0.8555555555555555, "train_f1": 0.8997668997668998, "test_f1": 0.5333333333333333, "train_acc": 0.9, "test_acc": 0.5666666666666667}