{"train_roc_auc": 1.0, "test_roc_auc": 0.95, "train_f1": 1.0, "test_f1": 0.7572871572871572, "train_acc": 1.0, "test_acc": 0.7666666666666667}