{"train_roc_auc": 0.9958333333333333, "test_roc_auc": 0.8944444444444445, "train_f1": 0.9328671328671329, "test_f1": 0.555689408630585, "train_acc": 0.9333333333333333, "test_acc": 0.5666666666666667}