{"train_roc_auc": 0.9916666666666666, "test_roc_auc": 0.9111111111111111, "train_f1": 0.8684848484848485, "test_f1": 0.6277522477522478, "train_acc": 0.8666666666666667, "test_acc": 0.6333333333333333}