{"train_roc_auc": 0.9888888888888889, "test_roc_auc": 0.9125, "train_f1": 0.868997668997669, "test_f1": 0.5795959595959597, "train_acc": 0.8666666666666667, "test_acc": 0.6}