{"train_roc_auc": 0.9833333333333334, "test_roc_auc": 0.9083333333333334, "train_f1": 0.8051948051948051, "test_f1": 0.5525141525141525, "train_acc": 0.8, "test_acc": 0.6}