{"train_roc_auc": 0.9875, "test_roc_auc": 0.8902777777777777, "train_f1": 0.9331002331002332, "test_f1": 0.6994652406417112, "train_acc": 0.9333333333333333, "test_acc": 0.7}