{"train_roc_auc": 1.0, "test_roc_auc": 0.9430555555555555, "train_f1": 0.9664335664335665, "test_f1": 0.6463516875281581, "train_acc": 0.9666666666666667, "test_acc": 0.6666666666666666}