{"train_roc_auc": 0.9944444444444445, "test_roc_auc": 0.9152777777777779, "train_f1": 0.9664335664335665, "test_f1": 0.760064935064935, "train_acc": 0.9666666666666667, "test_acc": 0.7666666666666667}