{"train_roc_auc": 0.9791666666666666, "test_roc_auc": 0.8722222222222221, "train_f1": 0.9664335664335665, "test_f1": 0.6694372294372294, "train_acc": 0.9666666666666667, "test_acc": 0.6666666666666666}