{"train_roc_auc": 1.0, "test_roc_auc": 0.9416666666666668, "train_f1": 1.0, "test_f1": 0.724004753416518, "train_acc": 1.0, "test_acc": 0.7333333333333333}