{"train_roc_auc": 0.9388888888888889, "test_roc_auc": 0.8027777777777778, "train_f1": 0.829004329004329, "test_f1": 0.6027705627705626, "train_acc": 0.8333333333333334, "test_acc": 0.6}