{"train_roc_auc": 1.0, "test_roc_auc": 0.9987553342816501, "train_f1": 0.9799759132878362, "test_f1": 0.9799973322662398, "train_acc": 0.98, "test_acc": 0.98}