{"train_roc_auc": 0.9972222222222221, "test_roc_auc": 0.9416666666666668, "train_f1": 0.9328671328671329, "test_f1": 0.6623737373737373, "train_acc": 0.9333333333333333, "test_acc": 0.6666666666666666}