{"train_roc_auc": 0.9833333333333332, "test_roc_auc": 0.8625, "train_f1": 0.9328671328671329, "test_f1": 0.5927985739750444, "train_acc": 0.9333333333333333, "test_acc": 0.6}