{"train_roc_auc": 0.9972222222222221, "test_roc_auc": 0.8763888888888889, "train_f1": 0.9664335664335665, "test_f1": 0.5976470588235294, "train_acc": 0.9666666666666667, "test_acc": 0.6}