{"train_roc_auc": 0.9902777777777778, "test_roc_auc": 0.9041666666666666, "train_f1": 0.9350649350649349, "test_f1": 0.525097125097125, "train_acc": 0.9333333333333333, "test_acc": 0.5666666666666667}