{"train_roc_auc": 0.9930555555555556, "test_roc_auc": 0.8680555555555557, "train_f1": 0.8690909090909091, "test_f1": 0.45238095238095244, "train_acc": 0.8666666666666667, "test_acc": 0.4666666666666667}