{"train_roc_auc": 0.9986111111111111, "test_roc_auc": 0.913888888888889, "train_f1": 0.9664335664335665, "test_f1": 0.6623737373737373, "train_acc": 0.9666666666666667, "test_acc": 0.6666666666666666}